-- (PostgresSQL syntax)
-- Question 2: CS 6083 Spring 2026

-- ==================
-- DATA
-- ==================

-- Airports: includes 2 in Chicago, 2 in Paris/France
INSERT INTO Airport VALUES
('JFK', 'John F Kennedy International', 'New York', 'United States'),
('LAX', 'Los Angeles International', 'Los Angeles', 'United States'),
('ORD', 'O''Hare International', 'Chicago', 'United States'),
('MDW', 'Midway International', 'Chicago', 'United States'),
('LHR', 'Heathrow Airport', 'London', 'United Kingdom'),
('CDG', 'Charles de Gaulle Airport', 'Paris', 'France'),
('ORY', 'Paris Orly Airport', 'Paris', 'France'),
('SFO', 'San Francisco International', 'San Francisco', 'United States'),
('MIA', 'Miami International', 'Miami', 'United States'),
('ATL', 'Hartsfield-Jackson International', 'Atlanta', 'United States'),
('NRT', 'Narita International', 'Tokyo', 'Japan'),
('SIN', 'Changi Airport', 'Singapore', 'Singapore');

-- Aircraft: small capacities for manageable data
INSERT INTO Aircraft VALUES
('CRJ-200', 10),
('Boeing 737', 20),
('Airbus A320', 15),
('Boeing 787', 25);

-- Flight Services (duration = scheduled flight time)
INSERT INTO FlightService VALUES
('AA101', 'American Airlines', 'JFK', 'LAX', '08:00:00', INTERVAL '3 hours 30 minutes'),
('AA205', 'American Airlines', 'JFK', 'LAX', '14:00:00', INTERVAL '3 hours 30 minutes'),
('UA302', 'United Airlines', 'SFO', 'ORD', '09:00:00', INTERVAL '6 hours'),
('DL410', 'Delta Air Lines', 'ATL', 'MIA', '10:00:00', INTERVAL '2 hours 30 minutes'),
('BA178', 'British Airways', 'LHR', 'JFK', '10:00:00', INTERVAL '3 hours'),
('AF023', 'Air France', 'CDG', 'NRT', '22:00:00', INTERVAL '19 hours'),
('SQ321', 'Singapore Airlines', 'SIN', 'LHR', '23:00:00', INTERVAL '7 hours'),
('AA550', 'American Airlines', 'ORD', 'MIA', '07:00:00', INTERVAL '4 hours'),
('DL620', 'Delta Air Lines', 'JFK', 'ATL', '16:00:00', INTERVAL '2 hours 30 minutes'),
('UA789', 'United Airlines', 'LAX', 'SFO', '12:00:00', INTERVAL '1 hour 30 minutes');

-- Extra flight services (more routes for 2026)
INSERT INTO FlightService VALUES
('UA450', 'United Airlines', 'ORD', 'SFO', '11:00:00', INTERVAL '4 hours 30 minutes'),
('DL901', 'Delta Air Lines', 'ATL', 'JFK', '09:30:00', INTERVAL '2 hours 15 minutes'),
('AA330', 'American Airlines', 'MIA', 'LAX', '13:00:00', INTERVAL '5 hours 30 minutes'),
('BA220', 'British Airways', 'LHR', 'CDG', '07:45:00', INTERVAL '1 hour 15 minutes'),
('NH402', 'All Nippon Airways', 'NRT', 'LAX', '17:00:00', INTERVAL '10 hours'),
('UA888', 'United Airlines', 'SFO', 'NRT', '12:30:00', INTERVAL '11 hours'),
('DL777', 'Delta Air Lines', 'ATL', 'NRT', '11:00:00', INTERVAL '14 hours'),
('AA999', 'American Airlines', 'JFK', 'SFO', '09:00:00', INTERVAL '6 hours 30 minutes');

-- Flights
INSERT INTO Flight VALUES
('AA101', '2025-12-29', 'Boeing 737'),
('AA101', '2025-12-31', 'Boeing 737'),
('AA205', '2025-12-31', 'Boeing 737'),
('UA302', '2025-12-31', 'CRJ-200'),
('DL410', '2025-12-31', 'Airbus A320'),
('BA178', '2025-12-31', 'Boeing 787'),
('AF023', '2025-12-30', 'Boeing 787'),
('SQ321', '2025-12-30', 'Boeing 787'),
('DL620', '2025-12-30', 'Airbus A320'),
('DL620', '2025-12-31', 'Airbus A320'),
('AA550', '2025-12-31', 'CRJ-200'),
('UA789', '2025-12-31', 'Airbus A320');

-- Flights in 2026 (departure_date between 2026-01-01 and 2026-12-31)
INSERT INTO Flight VALUES
('AA101', '2026-01-01', 'Boeing 737'),
('AA101', '2026-01-15', 'Boeing 737'),
('AA101', '2026-02-14', 'Boeing 737'),
('AA101', '2026-03-20', 'Boeing 737'),
('AA101', '2026-04-10', 'Boeing 737'),
('AA101', '2026-05-05', 'Boeing 737'),
('AA101', '2026-06-18', 'Boeing 737'),
('AA101', '2026-07-04', 'Boeing 737'),
('AA101', '2026-08-12', 'Boeing 737'),
('AA101', '2026-09-09', 'Boeing 737'),
('AA101', '2026-10-31', 'Boeing 737'),
('AA101', '2026-11-25', 'Boeing 737'),
('AA101', '2026-12-31', 'Boeing 737'),
('AA205', '2026-01-08', 'Boeing 737'),
('AA205', '2026-04-22', 'Boeing 737'),
('AA205', '2026-07-01', 'Boeing 737'),
('AA205', '2026-12-15', 'Boeing 737'),
('UA302', '2026-02-01', 'CRJ-200'),
('UA302', '2026-06-30', 'CRJ-200'),
('UA302', '2026-11-11', 'CRJ-200'),
('DL410', '2026-01-20', 'Airbus A320'),
('DL410', '2026-05-12', 'Airbus A320'),
('DL410', '2026-09-01', 'Airbus A320'),
('BA178', '2026-03-03', 'Boeing 787'),
('BA178', '2026-08-20', 'Boeing 787'),
('BA178', '2026-12-24', 'Boeing 787'),
('AF023', '2026-01-12', 'Boeing 787'),
('AF023', '2026-06-06', 'Boeing 787'),
('SQ321', '2026-02-28', 'Boeing 787'),
('SQ321', '2026-10-10', 'Boeing 787'),
('AA550', '2026-04-05', 'CRJ-200'),
('AA550', '2026-12-01', 'CRJ-200'),
('DL620', '2026-01-30', 'Airbus A320'),
('DL620', '2026-07-22', 'Airbus A320'),
('UA789', '2026-03-15', 'Airbus A320'),
('UA789', '2026-12-10', 'Airbus A320'),
('UA450', '2026-01-22', 'Boeing 737'),
('UA450', '2026-05-18', 'Boeing 737'),
('UA450', '2026-09-09', 'Boeing 737'),
('DL901', '2026-02-02', 'Airbus A320'),
('DL901', '2026-08-08', 'Airbus A320'),
('AA330', '2026-04-12', 'Boeing 787'),
('AA330', '2026-11-20', 'Boeing 787'),
('BA220', '2026-03-08', 'Airbus A320'),
('BA220', '2026-07-14', 'Airbus A320'),
('NH402', '2026-05-25', 'Boeing 787'),
('NH402', '2026-12-20', 'Boeing 787'),
('UA888', '2026-04-01', 'Boeing 787'),
('UA888', '2026-10-05', 'Boeing 787'),
('DL777', '2026-06-15', 'Boeing 787'),
('DL777', '2026-12-28', 'Boeing 787'),
('AA999', '2026-01-10', 'Boeing 737'),
('AA999', '2026-06-01', 'Boeing 737'),
('AA999', '2026-12-05', 'Boeing 737');

-- Passengers
INSERT INTO Passenger VALUES
(1, 'John Adams'),
(2, 'Sarah Miller'),
(3, 'Michael Chen'),
(4, 'Emily Wong'),
(5, 'David Park'),
(6, 'Lisa Johnson'),
(7, 'James Brown'),
(8, 'Maria Garcia'),
(9, 'Robert Kim'),
(10, 'Jennifer Lee'),
(11, 'Thomas Wilson'),
(12, 'Amanda Clark'),
(13, 'Christopher Davis'),
(14, 'Jessica Martinez'),
(15, 'Daniel Taylor'),
(16, 'Rachel Anderson'),
(17, 'William Thomas'),
(18, 'Nicole White'),
(19, 'Kevin Harris'),
(20, 'Stephanie Moore'),
(21, 'Andrew Jackson'),
(22, 'Michelle Robinson'),
(23, 'Brian Lewis'),
(24, 'Laura Walker'),
(25, 'Steven Hall');

-- Bookings
-- AA101, 2025-12-29 (Boeing 737, cap 20): 5 passengers
INSERT INTO Booking VALUES
(1, 'AA101', '2025-12-29', 1),
(2, 'AA101', '2025-12-29', 2),
(3, 'AA101', '2025-12-29', 3),
(4, 'AA101', '2025-12-29', 4),
(5, 'AA101', '2025-12-29', 5);

-- AA101, 2025-12-31 (Boeing 737, cap 20): 15 passengers
INSERT INTO Booking VALUES
(1, 'AA101', '2025-12-31', 1),
(2, 'AA101', '2025-12-31', 2),
(3, 'AA101', '2025-12-31', 3),
(4, 'AA101', '2025-12-31', 4),
(5, 'AA101', '2025-12-31', 5),
(6, 'AA101', '2025-12-31', 6),
(7, 'AA101', '2025-12-31', 7),
(8, 'AA101', '2025-12-31', 8),
(9, 'AA101', '2025-12-31', 9),
(10, 'AA101', '2025-12-31', 10),
(11, 'AA101', '2025-12-31', 11),
(12, 'AA101', '2025-12-31', 12),
(13, 'AA101', '2025-12-31', 13),
(14, 'AA101', '2025-12-31', 14),
(15, 'AA101', '2025-12-31', 15);

-- AA205, 2025-12-31 (Boeing 737, cap 20): 4 passengers
INSERT INTO Booking VALUES
(16, 'AA205', '2025-12-31', 1),
(17, 'AA205', '2025-12-31', 2),
(18, 'AA205', '2025-12-31', 3),
(19, 'AA205', '2025-12-31', 4);

-- UA302, 2025-12-31 (CRJ-200, cap 10): 10 passengers
INSERT INTO Booking VALUES
(1, 'UA302', '2025-12-31', 1),
(2, 'UA302', '2025-12-31', 2),
(3, 'UA302', '2025-12-31', 3),
(4, 'UA302', '2025-12-31', 4),
(5, 'UA302', '2025-12-31', 5),
(6, 'UA302', '2025-12-31', 6),
(7, 'UA302', '2025-12-31', 7),
(8, 'UA302', '2025-12-31', 8),
(9, 'UA302', '2025-12-31', 9),
(10, 'UA302', '2025-12-31', 10);

-- DL410, 2025-12-31 (Airbus A320, cap 15): 14 passengers
INSERT INTO Booking VALUES
(5, 'DL410', '2025-12-31', 1),
(6, 'DL410', '2025-12-31', 2),
(7, 'DL410', '2025-12-31', 3),
(8, 'DL410', '2025-12-31', 4),
(9, 'DL410', '2025-12-31', 5),
(10, 'DL410', '2025-12-31', 6),
(11, 'DL410', '2025-12-31', 7),
(12, 'DL410', '2025-12-31', 8),
(13, 'DL410', '2025-12-31', 9),
(14, 'DL410', '2025-12-31', 10),
(15, 'DL410', '2025-12-31', 11),
(16, 'DL410', '2025-12-31', 12),
(17, 'DL410', '2025-12-31', 13),
(18, 'DL410', '2025-12-31', 14);

-- BA178, 2025-12-31 (Boeing 787, cap 25): 6 passengers
INSERT INTO Booking VALUES
(20, 'BA178', '2025-12-31', 1),
(21, 'BA178', '2025-12-31', 2),
(22, 'BA178', '2025-12-31', 3),
(23, 'BA178', '2025-12-31', 4),
(24, 'BA178', '2025-12-31', 5),
(25, 'BA178', '2025-12-31', 6);

-- AF023, 2025-12-30 (Boeing 787, cap 25): 4 passengers
INSERT INTO Booking VALUES
(1, 'AF023', '2025-12-30', 1),
(2, 'AF023', '2025-12-30', 2),
(3, 'AF023', '2025-12-30', 3),
(4, 'AF023', '2025-12-30', 4);

-- SQ321, 2025-12-30 (Boeing 787, cap 25): 3 passengers
INSERT INTO Booking VALUES
(5, 'SQ321', '2025-12-30', 1),
(6, 'SQ321', '2025-12-30', 2),
(7, 'SQ321', '2025-12-30', 3);

-- DL620, 2025-12-30 (Airbus A320, cap 15): 4 passengers
INSERT INTO Booking VALUES
(10, 'DL620', '2025-12-30', 1),
(11, 'DL620', '2025-12-30', 2),
(12, 'DL620', '2025-12-30', 3),
(13, 'DL620', '2025-12-30', 4);

-- DL620, 2025-12-31 (Airbus A320, cap 15): 5 passengers
INSERT INTO Booking VALUES
(20, 'DL620', '2025-12-31', 1),
(21, 'DL620', '2025-12-31', 2),
(22, 'DL620', '2025-12-31', 3),
(23, 'DL620', '2025-12-31', 4),
(24, 'DL620', '2025-12-31', 5);

-- AA550, 2025-12-31 (CRJ-200, cap 10): 7 passengers
INSERT INTO Booking VALUES
(8, 'AA550', '2025-12-31', 1),
(9, 'AA550', '2025-12-31', 2),
(10, 'AA550', '2025-12-31', 3),
(11, 'AA550', '2025-12-31', 4),
(12, 'AA550', '2025-12-31', 5),
(13, 'AA550', '2025-12-31', 6),
(14, 'AA550', '2025-12-31', 7);

-- UA789, 2025-12-31 (Airbus A320, cap 15): 3 passengers
INSERT INTO Booking VALUES
(22, 'UA789', '2025-12-31', 1),
(23, 'UA789', '2025-12-31', 2),
(24, 'UA789', '2025-12-31', 3);

-- Bookings for 2026 flights

-- AA101 2026-01-01 (6 passengers)
INSERT INTO Booking VALUES
(1, 'AA101', '2026-01-01', 1),
(2, 'AA101', '2026-01-01', 2),
(3, 'AA101', '2026-01-01', 3),
(4, 'AA101', '2026-01-01', 4),
(5, 'AA101', '2026-01-01', 5),
(6, 'AA101', '2026-01-01', 6);

-- AA101 2026-01-15 (7 passengers)
INSERT INTO Booking VALUES
(1, 'AA101', '2026-01-15', 1),
(2, 'AA101', '2026-01-15', 2),
(3, 'AA101', '2026-01-15', 3),
(4, 'AA101', '2026-01-15', 4),
(5, 'AA101', '2026-01-15', 5),
(6, 'AA101', '2026-01-15', 6),
(7, 'AA101', '2026-01-15', 7);

-- AA101 2026-02-14 (8 passengers)
INSERT INTO Booking VALUES
(1, 'AA101', '2026-02-14', 1),
(2, 'AA101', '2026-02-14', 2),
(3, 'AA101', '2026-02-14', 3),
(4, 'AA101', '2026-02-14', 4),
(5, 'AA101', '2026-02-14', 5),
(6, 'AA101', '2026-02-14', 6),
(7, 'AA101', '2026-02-14', 7),
(8, 'AA101', '2026-02-14', 8);

-- AA101 2026-03-20 (9 passengers)
INSERT INTO Booking VALUES
(1, 'AA101', '2026-03-20', 1),
(2, 'AA101', '2026-03-20', 2),
(3, 'AA101', '2026-03-20', 3),
(4, 'AA101', '2026-03-20', 4),
(5, 'AA101', '2026-03-20', 5),
(6, 'AA101', '2026-03-20', 6),
(7, 'AA101', '2026-03-20', 7),
(8, 'AA101', '2026-03-20', 8),
(9, 'AA101', '2026-03-20', 9);

-- AA101 2026-04-10 (10 passengers)
INSERT INTO Booking VALUES
(1, 'AA101', '2026-04-10', 1),
(2, 'AA101', '2026-04-10', 2),
(3, 'AA101', '2026-04-10', 3),
(4, 'AA101', '2026-04-10', 4),
(5, 'AA101', '2026-04-10', 5),
(6, 'AA101', '2026-04-10', 6),
(7, 'AA101', '2026-04-10', 7),
(8, 'AA101', '2026-04-10', 8),
(9, 'AA101', '2026-04-10', 9),
(10, 'AA101', '2026-04-10', 10);

-- AA101 2026-05-05 (6 passengers)
INSERT INTO Booking VALUES
(1, 'AA101', '2026-05-05', 1),
(2, 'AA101', '2026-05-05', 2),
(3, 'AA101', '2026-05-05', 3),
(4, 'AA101', '2026-05-05', 4),
(5, 'AA101', '2026-05-05', 5),
(6, 'AA101', '2026-05-05', 6);

-- AA101 2026-06-18 (7 passengers)
INSERT INTO Booking VALUES
(1, 'AA101', '2026-06-18', 1),
(2, 'AA101', '2026-06-18', 2),
(3, 'AA101', '2026-06-18', 3),
(4, 'AA101', '2026-06-18', 4),
(5, 'AA101', '2026-06-18', 5),
(6, 'AA101', '2026-06-18', 6),
(7, 'AA101', '2026-06-18', 7);

-- AA101 2026-07-04 (8 passengers)
INSERT INTO Booking VALUES
(1, 'AA101', '2026-07-04', 1),
(2, 'AA101', '2026-07-04', 2),
(3, 'AA101', '2026-07-04', 3),
(4, 'AA101', '2026-07-04', 4),
(5, 'AA101', '2026-07-04', 5),
(6, 'AA101', '2026-07-04', 6),
(7, 'AA101', '2026-07-04', 7),
(8, 'AA101', '2026-07-04', 8);

-- AA101 2026-08-12 (9 passengers)
INSERT INTO Booking VALUES
(1, 'AA101', '2026-08-12', 1),
(2, 'AA101', '2026-08-12', 2),
(3, 'AA101', '2026-08-12', 3),
(4, 'AA101', '2026-08-12', 4),
(5, 'AA101', '2026-08-12', 5),
(6, 'AA101', '2026-08-12', 6),
(7, 'AA101', '2026-08-12', 7),
(8, 'AA101', '2026-08-12', 8),
(9, 'AA101', '2026-08-12', 9);

-- AA101 2026-09-09 (10 passengers)
INSERT INTO Booking VALUES
(1, 'AA101', '2026-09-09', 1),
(2, 'AA101', '2026-09-09', 2),
(3, 'AA101', '2026-09-09', 3),
(4, 'AA101', '2026-09-09', 4),
(5, 'AA101', '2026-09-09', 5),
(6, 'AA101', '2026-09-09', 6),
(7, 'AA101', '2026-09-09', 7),
(8, 'AA101', '2026-09-09', 8),
(9, 'AA101', '2026-09-09', 9),
(10, 'AA101', '2026-09-09', 10);

-- AA101 2026-10-31 (6 passengers)
INSERT INTO Booking VALUES
(1, 'AA101', '2026-10-31', 1),
(2, 'AA101', '2026-10-31', 2),
(3, 'AA101', '2026-10-31', 3),
(4, 'AA101', '2026-10-31', 4),
(5, 'AA101', '2026-10-31', 5),
(6, 'AA101', '2026-10-31', 6);

-- AA101 2026-11-25 (7 passengers)
INSERT INTO Booking VALUES
(1, 'AA101', '2026-11-25', 1),
(2, 'AA101', '2026-11-25', 2),
(3, 'AA101', '2026-11-25', 3),
(4, 'AA101', '2026-11-25', 4),
(5, 'AA101', '2026-11-25', 5),
(6, 'AA101', '2026-11-25', 6),
(7, 'AA101', '2026-11-25', 7);

-- AA101 2026-12-31 (8 passengers)
INSERT INTO Booking VALUES
(1, 'AA101', '2026-12-31', 1),
(2, 'AA101', '2026-12-31', 2),
(3, 'AA101', '2026-12-31', 3),
(4, 'AA101', '2026-12-31', 4),
(5, 'AA101', '2026-12-31', 5),
(6, 'AA101', '2026-12-31', 6),
(7, 'AA101', '2026-12-31', 7),
(8, 'AA101', '2026-12-31', 8);

-- AA205 2026-01-08 (9 passengers)
INSERT INTO Booking VALUES
(1, 'AA205', '2026-01-08', 1),
(2, 'AA205', '2026-01-08', 2),
(3, 'AA205', '2026-01-08', 3),
(4, 'AA205', '2026-01-08', 4),
(5, 'AA205', '2026-01-08', 5),
(6, 'AA205', '2026-01-08', 6),
(7, 'AA205', '2026-01-08', 7),
(8, 'AA205', '2026-01-08', 8),
(9, 'AA205', '2026-01-08', 9);

-- AA205 2026-04-22 (10 passengers)
INSERT INTO Booking VALUES
(1, 'AA205', '2026-04-22', 1),
(2, 'AA205', '2026-04-22', 2),
(3, 'AA205', '2026-04-22', 3),
(4, 'AA205', '2026-04-22', 4),
(5, 'AA205', '2026-04-22', 5),
(6, 'AA205', '2026-04-22', 6),
(7, 'AA205', '2026-04-22', 7),
(8, 'AA205', '2026-04-22', 8),
(9, 'AA205', '2026-04-22', 9),
(10, 'AA205', '2026-04-22', 10);

-- AA205 2026-07-01 (6 passengers)
INSERT INTO Booking VALUES
(1, 'AA205', '2026-07-01', 1),
(2, 'AA205', '2026-07-01', 2),
(3, 'AA205', '2026-07-01', 3),
(4, 'AA205', '2026-07-01', 4),
(5, 'AA205', '2026-07-01', 5),
(6, 'AA205', '2026-07-01', 6);

-- AA205 2026-12-15 (7 passengers)
INSERT INTO Booking VALUES
(1, 'AA205', '2026-12-15', 1),
(2, 'AA205', '2026-12-15', 2),
(3, 'AA205', '2026-12-15', 3),
(4, 'AA205', '2026-12-15', 4),
(5, 'AA205', '2026-12-15', 5),
(6, 'AA205', '2026-12-15', 6),
(7, 'AA205', '2026-12-15', 7);

-- UA302 2026-02-01 (6 passengers)
INSERT INTO Booking VALUES
(1, 'UA302', '2026-02-01', 1),
(2, 'UA302', '2026-02-01', 2),
(3, 'UA302', '2026-02-01', 3),
(4, 'UA302', '2026-02-01', 4),
(5, 'UA302', '2026-02-01', 5),
(6, 'UA302', '2026-02-01', 6);

-- UA302 2026-06-30 (7 passengers)
INSERT INTO Booking VALUES
(1, 'UA302', '2026-06-30', 1),
(2, 'UA302', '2026-06-30', 2),
(3, 'UA302', '2026-06-30', 3),
(4, 'UA302', '2026-06-30', 4),
(5, 'UA302', '2026-06-30', 5),
(6, 'UA302', '2026-06-30', 6),
(7, 'UA302', '2026-06-30', 7);

-- UA302 2026-11-11 (8 passengers)
INSERT INTO Booking VALUES
(1, 'UA302', '2026-11-11', 1),
(2, 'UA302', '2026-11-11', 2),
(3, 'UA302', '2026-11-11', 3),
(4, 'UA302', '2026-11-11', 4),
(5, 'UA302', '2026-11-11', 5),
(6, 'UA302', '2026-11-11', 6),
(7, 'UA302', '2026-11-11', 7),
(8, 'UA302', '2026-11-11', 8);

-- DL410 2026-01-20 (6 passengers)
INSERT INTO Booking VALUES
(1, 'DL410', '2026-01-20', 1),
(2, 'DL410', '2026-01-20', 2),
(3, 'DL410', '2026-01-20', 3),
(4, 'DL410', '2026-01-20', 4),
(5, 'DL410', '2026-01-20', 5),
(6, 'DL410', '2026-01-20', 6);

-- DL410 2026-05-12 (7 passengers)
INSERT INTO Booking VALUES
(1, 'DL410', '2026-05-12', 1),
(2, 'DL410', '2026-05-12', 2),
(3, 'DL410', '2026-05-12', 3),
(4, 'DL410', '2026-05-12', 4),
(5, 'DL410', '2026-05-12', 5),
(6, 'DL410', '2026-05-12', 6),
(7, 'DL410', '2026-05-12', 7);

-- DL410 2026-09-01 (8 passengers)
INSERT INTO Booking VALUES
(1, 'DL410', '2026-09-01', 1),
(2, 'DL410', '2026-09-01', 2),
(3, 'DL410', '2026-09-01', 3),
(4, 'DL410', '2026-09-01', 4),
(5, 'DL410', '2026-09-01', 5),
(6, 'DL410', '2026-09-01', 6),
(7, 'DL410', '2026-09-01', 7),
(8, 'DL410', '2026-09-01', 8);

-- BA178 2026-03-03 (9 passengers)
INSERT INTO Booking VALUES
(1, 'BA178', '2026-03-03', 1),
(2, 'BA178', '2026-03-03', 2),
(3, 'BA178', '2026-03-03', 3),
(4, 'BA178', '2026-03-03', 4),
(5, 'BA178', '2026-03-03', 5),
(6, 'BA178', '2026-03-03', 6),
(7, 'BA178', '2026-03-03', 7),
(8, 'BA178', '2026-03-03', 8),
(9, 'BA178', '2026-03-03', 9);

-- BA178 2026-08-20 (10 passengers)
INSERT INTO Booking VALUES
(1, 'BA178', '2026-08-20', 1),
(2, 'BA178', '2026-08-20', 2),
(3, 'BA178', '2026-08-20', 3),
(4, 'BA178', '2026-08-20', 4),
(5, 'BA178', '2026-08-20', 5),
(6, 'BA178', '2026-08-20', 6),
(7, 'BA178', '2026-08-20', 7),
(8, 'BA178', '2026-08-20', 8),
(9, 'BA178', '2026-08-20', 9),
(10, 'BA178', '2026-08-20', 10);

-- BA178 2026-12-24 (6 passengers)
INSERT INTO Booking VALUES
(1, 'BA178', '2026-12-24', 1),
(2, 'BA178', '2026-12-24', 2),
(3, 'BA178', '2026-12-24', 3),
(4, 'BA178', '2026-12-24', 4),
(5, 'BA178', '2026-12-24', 5),
(6, 'BA178', '2026-12-24', 6);

-- AF023 2026-01-12 (7 passengers)
INSERT INTO Booking VALUES
(1, 'AF023', '2026-01-12', 1),
(2, 'AF023', '2026-01-12', 2),
(3, 'AF023', '2026-01-12', 3),
(4, 'AF023', '2026-01-12', 4),
(5, 'AF023', '2026-01-12', 5),
(6, 'AF023', '2026-01-12', 6),
(7, 'AF023', '2026-01-12', 7);

-- AF023 2026-06-06 (8 passengers)
INSERT INTO Booking VALUES
(1, 'AF023', '2026-06-06', 1),
(2, 'AF023', '2026-06-06', 2),
(3, 'AF023', '2026-06-06', 3),
(4, 'AF023', '2026-06-06', 4),
(5, 'AF023', '2026-06-06', 5),
(6, 'AF023', '2026-06-06', 6),
(7, 'AF023', '2026-06-06', 7),
(8, 'AF023', '2026-06-06', 8);

-- SQ321 2026-02-28 (9 passengers)
INSERT INTO Booking VALUES
(1, 'SQ321', '2026-02-28', 1),
(2, 'SQ321', '2026-02-28', 2),
(3, 'SQ321', '2026-02-28', 3),
(4, 'SQ321', '2026-02-28', 4),
(5, 'SQ321', '2026-02-28', 5),
(6, 'SQ321', '2026-02-28', 6),
(7, 'SQ321', '2026-02-28', 7),
(8, 'SQ321', '2026-02-28', 8),
(9, 'SQ321', '2026-02-28', 9);

-- SQ321 2026-10-10 (10 passengers)
INSERT INTO Booking VALUES
(1, 'SQ321', '2026-10-10', 1),
(2, 'SQ321', '2026-10-10', 2),
(3, 'SQ321', '2026-10-10', 3),
(4, 'SQ321', '2026-10-10', 4),
(5, 'SQ321', '2026-10-10', 5),
(6, 'SQ321', '2026-10-10', 6),
(7, 'SQ321', '2026-10-10', 7),
(8, 'SQ321', '2026-10-10', 8),
(9, 'SQ321', '2026-10-10', 9),
(10, 'SQ321', '2026-10-10', 10);

-- AA550 2026-04-05 (7 passengers)
INSERT INTO Booking VALUES
(1, 'AA550', '2026-04-05', 1),
(2, 'AA550', '2026-04-05', 2),
(3, 'AA550', '2026-04-05', 3),
(4, 'AA550', '2026-04-05', 4),
(5, 'AA550', '2026-04-05', 5),
(6, 'AA550', '2026-04-05', 6),
(7, 'AA550', '2026-04-05', 7);

-- AA550 2026-12-01 (8 passengers)
INSERT INTO Booking VALUES
(1, 'AA550', '2026-12-01', 1),
(2, 'AA550', '2026-12-01', 2),
(3, 'AA550', '2026-12-01', 3),
(4, 'AA550', '2026-12-01', 4),
(5, 'AA550', '2026-12-01', 5),
(6, 'AA550', '2026-12-01', 6),
(7, 'AA550', '2026-12-01', 7),
(8, 'AA550', '2026-12-01', 8);

-- DL620 2026-01-30 (8 passengers)
INSERT INTO Booking VALUES
(1, 'DL620', '2026-01-30', 1),
(2, 'DL620', '2026-01-30', 2),
(3, 'DL620', '2026-01-30', 3),
(4, 'DL620', '2026-01-30', 4),
(5, 'DL620', '2026-01-30', 5),
(6, 'DL620', '2026-01-30', 6),
(7, 'DL620', '2026-01-30', 7),
(8, 'DL620', '2026-01-30', 8);

-- DL620 2026-07-22 (9 passengers)
INSERT INTO Booking VALUES
(1, 'DL620', '2026-07-22', 1),
(2, 'DL620', '2026-07-22', 2),
(3, 'DL620', '2026-07-22', 3),
(4, 'DL620', '2026-07-22', 4),
(5, 'DL620', '2026-07-22', 5),
(6, 'DL620', '2026-07-22', 6),
(7, 'DL620', '2026-07-22', 7),
(8, 'DL620', '2026-07-22', 8),
(9, 'DL620', '2026-07-22', 9);

-- UA789 2026-03-15 (10 passengers)
INSERT INTO Booking VALUES
(1, 'UA789', '2026-03-15', 1),
(2, 'UA789', '2026-03-15', 2),
(3, 'UA789', '2026-03-15', 3),
(4, 'UA789', '2026-03-15', 4),
(5, 'UA789', '2026-03-15', 5),
(6, 'UA789', '2026-03-15', 6),
(7, 'UA789', '2026-03-15', 7),
(8, 'UA789', '2026-03-15', 8),
(9, 'UA789', '2026-03-15', 9),
(10, 'UA789', '2026-03-15', 10);

-- UA789 2026-12-10 (6 passengers)
INSERT INTO Booking VALUES
(1, 'UA789', '2026-12-10', 1),
(2, 'UA789', '2026-12-10', 2),
(3, 'UA789', '2026-12-10', 3),
(4, 'UA789', '2026-12-10', 4),
(5, 'UA789', '2026-12-10', 5),
(6, 'UA789', '2026-12-10', 6);

-- UA450 2026-01-22 (7 passengers)
INSERT INTO Booking VALUES
(1, 'UA450', '2026-01-22', 1),
(2, 'UA450', '2026-01-22', 2),
(3, 'UA450', '2026-01-22', 3),
(4, 'UA450', '2026-01-22', 4),
(5, 'UA450', '2026-01-22', 5),
(6, 'UA450', '2026-01-22', 6),
(7, 'UA450', '2026-01-22', 7);

-- UA450 2026-05-18 (8 passengers)
INSERT INTO Booking VALUES
(1, 'UA450', '2026-05-18', 1),
(2, 'UA450', '2026-05-18', 2),
(3, 'UA450', '2026-05-18', 3),
(4, 'UA450', '2026-05-18', 4),
(5, 'UA450', '2026-05-18', 5),
(6, 'UA450', '2026-05-18', 6),
(7, 'UA450', '2026-05-18', 7),
(8, 'UA450', '2026-05-18', 8);

-- UA450 2026-09-09 (9 passengers)
INSERT INTO Booking VALUES
(1, 'UA450', '2026-09-09', 1),
(2, 'UA450', '2026-09-09', 2),
(3, 'UA450', '2026-09-09', 3),
(4, 'UA450', '2026-09-09', 4),
(5, 'UA450', '2026-09-09', 5),
(6, 'UA450', '2026-09-09', 6),
(7, 'UA450', '2026-09-09', 7),
(8, 'UA450', '2026-09-09', 8),
(9, 'UA450', '2026-09-09', 9);

-- DL901 2026-02-02 (10 passengers)
INSERT INTO Booking VALUES
(1, 'DL901', '2026-02-02', 1),
(2, 'DL901', '2026-02-02', 2),
(3, 'DL901', '2026-02-02', 3),
(4, 'DL901', '2026-02-02', 4),
(5, 'DL901', '2026-02-02', 5),
(6, 'DL901', '2026-02-02', 6),
(7, 'DL901', '2026-02-02', 7),
(8, 'DL901', '2026-02-02', 8),
(9, 'DL901', '2026-02-02', 9),
(10, 'DL901', '2026-02-02', 10);

-- DL901 2026-08-08 (6 passengers)
INSERT INTO Booking VALUES
(1, 'DL901', '2026-08-08', 1),
(2, 'DL901', '2026-08-08', 2),
(3, 'DL901', '2026-08-08', 3),
(4, 'DL901', '2026-08-08', 4),
(5, 'DL901', '2026-08-08', 5),
(6, 'DL901', '2026-08-08', 6);

-- AA330 2026-04-12 (7 passengers)
INSERT INTO Booking VALUES
(1, 'AA330', '2026-04-12', 1),
(2, 'AA330', '2026-04-12', 2),
(3, 'AA330', '2026-04-12', 3),
(4, 'AA330', '2026-04-12', 4),
(5, 'AA330', '2026-04-12', 5),
(6, 'AA330', '2026-04-12', 6),
(7, 'AA330', '2026-04-12', 7);

-- AA330 2026-11-20 (8 passengers)
INSERT INTO Booking VALUES
(1, 'AA330', '2026-11-20', 1),
(2, 'AA330', '2026-11-20', 2),
(3, 'AA330', '2026-11-20', 3),
(4, 'AA330', '2026-11-20', 4),
(5, 'AA330', '2026-11-20', 5),
(6, 'AA330', '2026-11-20', 6),
(7, 'AA330', '2026-11-20', 7),
(8, 'AA330', '2026-11-20', 8);

-- BA220 2026-03-08 (9 passengers)
INSERT INTO Booking VALUES
(1, 'BA220', '2026-03-08', 1),
(2, 'BA220', '2026-03-08', 2),
(3, 'BA220', '2026-03-08', 3),
(4, 'BA220', '2026-03-08', 4),
(5, 'BA220', '2026-03-08', 5),
(6, 'BA220', '2026-03-08', 6),
(7, 'BA220', '2026-03-08', 7),
(8, 'BA220', '2026-03-08', 8),
(9, 'BA220', '2026-03-08', 9);

-- BA220 2026-07-14 (10 passengers)
INSERT INTO Booking VALUES
(1, 'BA220', '2026-07-14', 1),
(2, 'BA220', '2026-07-14', 2),
(3, 'BA220', '2026-07-14', 3),
(4, 'BA220', '2026-07-14', 4),
(5, 'BA220', '2026-07-14', 5),
(6, 'BA220', '2026-07-14', 6),
(7, 'BA220', '2026-07-14', 7),
(8, 'BA220', '2026-07-14', 8),
(9, 'BA220', '2026-07-14', 9),
(10, 'BA220', '2026-07-14', 10);

-- NH402 2026-05-25 (6 passengers)
INSERT INTO Booking VALUES
(1, 'NH402', '2026-05-25', 1),
(2, 'NH402', '2026-05-25', 2),
(3, 'NH402', '2026-05-25', 3),
(4, 'NH402', '2026-05-25', 4),
(5, 'NH402', '2026-05-25', 5),
(6, 'NH402', '2026-05-25', 6);

-- NH402 2026-12-20 (7 passengers)
INSERT INTO Booking VALUES
(1, 'NH402', '2026-12-20', 1),
(2, 'NH402', '2026-12-20', 2),
(3, 'NH402', '2026-12-20', 3),
(4, 'NH402', '2026-12-20', 4),
(5, 'NH402', '2026-12-20', 5),
(6, 'NH402', '2026-12-20', 6),
(7, 'NH402', '2026-12-20', 7);

-- UA888 2026-04-01 (8 passengers)
INSERT INTO Booking VALUES
(1, 'UA888', '2026-04-01', 1),
(2, 'UA888', '2026-04-01', 2),
(3, 'UA888', '2026-04-01', 3),
(4, 'UA888', '2026-04-01', 4),
(5, 'UA888', '2026-04-01', 5),
(6, 'UA888', '2026-04-01', 6),
(7, 'UA888', '2026-04-01', 7),
(8, 'UA888', '2026-04-01', 8);

-- UA888 2026-10-05 (9 passengers)
INSERT INTO Booking VALUES
(1, 'UA888', '2026-10-05', 1),
(2, 'UA888', '2026-10-05', 2),
(3, 'UA888', '2026-10-05', 3),
(4, 'UA888', '2026-10-05', 4),
(5, 'UA888', '2026-10-05', 5),
(6, 'UA888', '2026-10-05', 6),
(7, 'UA888', '2026-10-05', 7),
(8, 'UA888', '2026-10-05', 8),
(9, 'UA888', '2026-10-05', 9);

-- DL777 2026-06-15 (10 passengers)
INSERT INTO Booking VALUES
(1, 'DL777', '2026-06-15', 1),
(2, 'DL777', '2026-06-15', 2),
(3, 'DL777', '2026-06-15', 3),
(4, 'DL777', '2026-06-15', 4),
(5, 'DL777', '2026-06-15', 5),
(6, 'DL777', '2026-06-15', 6),
(7, 'DL777', '2026-06-15', 7),
(8, 'DL777', '2026-06-15', 8),
(9, 'DL777', '2026-06-15', 9),
(10, 'DL777', '2026-06-15', 10);

-- DL777 2026-12-28 (6 passengers)
INSERT INTO Booking VALUES
(1, 'DL777', '2026-12-28', 1),
(2, 'DL777', '2026-12-28', 2),
(3, 'DL777', '2026-12-28', 3),
(4, 'DL777', '2026-12-28', 4),
(5, 'DL777', '2026-12-28', 5),
(6, 'DL777', '2026-12-28', 6);

-- AA999 2026-01-10 (7 passengers)
INSERT INTO Booking VALUES
(1, 'AA999', '2026-01-10', 1),
(2, 'AA999', '2026-01-10', 2),
(3, 'AA999', '2026-01-10', 3),
(4, 'AA999', '2026-01-10', 4),
(5, 'AA999', '2026-01-10', 5),
(6, 'AA999', '2026-01-10', 6),
(7, 'AA999', '2026-01-10', 7);

-- AA999 2026-06-01 (8 passengers)
INSERT INTO Booking VALUES
(1, 'AA999', '2026-06-01', 1),
(2, 'AA999', '2026-06-01', 2),
(3, 'AA999', '2026-06-01', 3),
(4, 'AA999', '2026-06-01', 4),
(5, 'AA999', '2026-06-01', 5),
(6, 'AA999', '2026-06-01', 6),
(7, 'AA999', '2026-06-01', 7),
(8, 'AA999', '2026-06-01', 8);

-- AA999 2026-12-05 (9 passengers)
INSERT INTO Booking VALUES
(1, 'AA999', '2026-12-05', 1),
(2, 'AA999', '2026-12-05', 2),
(3, 'AA999', '2026-12-05', 3),
(4, 'AA999', '2026-12-05', 4),
(5, 'AA999', '2026-12-05', 5),
(6, 'AA999', '2026-12-05', 6),
(7, 'AA999', '2026-12-05', 7),
(8, 'AA999', '2026-12-05', 8),
(9, 'AA999', '2026-12-05', 9);
